NISQA_pred,f0_std,f0_range,f0_mean,distortion_type
4.432929916397077,1.4338001853416606,50.0,-15.693690694528694,clean
4.032893490262154,1.2866364417029583,50.0,-3.1246201293540237,clean
4.528043779003436,1.018485414675254,50.0,2.236733598940269,clean
5.0,0.7994495989112721,50.0,29.852251888082282,clean
3.9724833739242986,1.2164492272202128,50.0,13.878637494405098,compressed
3.9724937171220165,1.1219804694807425,50.0,-8.825778829198697,compressed
5.0,1.277509898208597,50.0,13.032435473011645,clean
4.603483879366332,1.1969032585214106,50.0,-11.367647867260388,clean
3.8242311368609805,1.325361341748994,50.0,20.19229264664488,compressed
4.461812827459158,0.834077084416224,50.0,1.5465041781854572,clean
3.828046853528149,1.408392160346641,50.0,6.07636573512995,compressed
3.8265902552507383,1.061255877454644,50.0,23.10955977050628,compressed
4.272436231086601,1.6433308705138323,50.0,-8.245962823010998,clean
2.9146334458655874,0.786351776392234,50.0,-9.565418221355895,noisy
3.0333017655167893,1.5381487789812271,50.0,0.1968080838479418,compressed
3.7657588565781874,1.0613523428734208,50.0,19.6605462122318,compressed
3.481916394189313,0.7980604188795211,50.0,-11.03215290572211,compressed
4.317975819535023,0.8499953914431603,50.0,-26.785867177326825,clean
3.547944832421637,0.9006923344597607,50.0,1.7860936990920147,compressed
3.2302486681587665,1.1314914433845942,50.0,13.820889598931046,compressed
5.0,1.162079001291005,50.0,21.60314099686595,clean
3.9777609306934827,0.8221529987790406,50.0,1.6420636549752121,compressed
4.162542768953392,0.9924500763990953,50.0,2.262880714607971,clean
3.2224086426855223,1.6641038111696778,50.0,21.046808811068967,compressed
3.777038883549135,1.5355383827312206,50.0,-15.236900396345046,compressed
4.189881231517216,1.1352603375989498,50.0,2.5377506978038893,clean
3.3948740462239493,1.0117810782321421,58.81538656347669,9.485086679100693,compressed
4.356689751557774,1.037209711282661,50.0,12.590624655420411,clean
3.741597625351153,1.1901905715464292,50.0,1.0823196817094098,compressed
3.9362329376302356,0.6829343047884943,50.0,7.613292140470096,compressed
3.74092483429548,0.920213273398763,50.0,-22.659928240955875,compressed
5.0,0.48273893709794724,50.0,-0.6989809480061799,clean
4.111496748415102,1.1237591680076366,50.0,12.64210455065361,clean
3.453642114757783,1.2006307413078496,50.0,-4.587528411056154,compressed
4.63820329462501,0.850212196687194,50.0,7.907810659075169,clean
3.3508685005182564,1.48793589661991,87.68576717122345,12.562470009632378,compressed
4.251584064852996,0.6200126444692742,50.0,3.089409589706821,clean
2.8854078219557415,0.5460437871349557,50.0,9.245565251958851,noisy
3.283242789193989,1.0695800637535913,50.0,-4.3527907834153465,compressed
4.244022578597548,1.3246004738097679,50.0,4.72066464364744,clean
4.585233945397109,1.5220175843519392,50.0,14.522594035070671,clean
4.2279620171496815,0.8577458785106286,50.0,9.08367553162121,clean
4.047141582095408,1.3343910583637015,50.0,0.1616247652327738,clean
3.930304671778748,0.9880623744547807,50.0,9.890596851489516,compressed
3.188531146068521,0.9464855370183459,50.0,15.775317487639416,compressed
3.6664981487113337,1.2739345806208684,50.0,-17.399295342929737,compressed
3.829797574295334,1.20222009230816,50.0,21.10888877947077,compressed
4.785987002517917,0.5113184313348826,50.0,3.1649431358271363,clean
4.336479522428131,1.4577275084150276,50.0,12.305879198882764,clean
3.0092847021214775,1.42782831978571,50.0,21.566963083742735,compressed
4.324172900718721,0.8060755625320459,50.0,-9.260084366765593,clean
3.8773981633377206,1.1226990953655969,50.0,-1.313292029130559,compressed
3.693539139807246,1.153149357747649,50.0,3.7374156494915427,compressed
4.505356061969747,1.0808088674054113,50.0,-2.205042253493139,clean
4.769529699172449,0.8294054023079198,50.0,28.0192389100417,clean
4.706706475043205,0.7917967559392041,50.0,-3.0812651259215125,clean
3.5912929603697377,0.9920782379926519,50.0,0.5334386461576015,compressed
3.925196203213735,1.363545995970403,50.0,9.65266837923572,compressed
4.328695961784246,1.168516047924274,50.0,-7.225794312913066,clean
4.734593430087086,0.8851095570533072,50.0,2.4518314589248336,clean
3.8181202301574673,1.2392266003009869,50.0,11.009439135002102,compressed
4.003034844701795,0.11695178760467662,50.0,3.205675147409865,clean
3.4230089663762024,1.3561173671153521,50.0,6.07935769320062,compressed
3.3663898268291774,0.46068872857878906,50.0,0.8480146506195494,compressed
4.631891268108345,0.887643308165029,50.0,-10.973643710169203,clean
4.974431217999618,0.6529023326658954,50.0,11.059118536070862,clean
4.07463362340439,0.5986487425265192,50.0,28.2591968597669,clean
4.752225725671975,1.359856304087341,50.0,7.4208195694012575,clean
4.34783069578001,0.8550126275933136,50.0,9.903169406970594,clean
3.7135745545987717,1.1074162033365218,50.0,15.512673061402314,compressed
4.347679231470301,0.9854546205474529,50.0,-8.031965958560392,clean
5.0,1.1478826564391675,50.0,27.630175897555265,clean
4.0974295953607305,1.023814786228679,50.0,9.627945557073625,clean
5.0,0.6022724105015433,50.0,26.782282789069306,clean
2.469560584423461,1.3088427140286134,50.0,-1.5963959462878732,noisy
4.637798577756391,0.8469354592199931,50.0,29.016743070693895,clean
4.174839652990048,0.5174596114154772,50.0,16.5018659284174,clean
3.9316253692065035,0.8672843001005671,50.0,13.836481030228303,compressed
4.177809289217366,1.4652355350966364,50.0,10.008293452237776,clean
2.8678315838014377,1.2635687400551827,50.0,4.217656583106608,noisy
3.9816067106623674,0.8919178383335636,50.0,21.60637990168647,compressed
4.3449809200524,0.891730111661287,50.0,8.884318438176564,clean
5.0,0.9002931341226114,50.0,-16.404836443045827,clean
3.793489762487602,1.6437918749038607,50.0,-6.206237540484028,compressed
3.6106490301772918,1.1183999901917816,50.0,4.969850973687032,compressed
3.803893062541742,1.1333129106292317,50.0,10.91998779798666,compressed
4.696703334152307,1.3193878707498712,50.0,6.52093813320125,clean
4.327113199085601,1.0740246392982191,50.0,21.82764947752396,clean
3.786251071626766,0.919696934795582,50.0,-16.213222368463498,compressed
4.443358482861415,0.9391315467836567,50.0,8.923055238061922,clean
4.181158856089265,0.9778036095816401,50.0,-14.615750704645858,clean
4.73024634403572,0.9884611066819491,50.0,16.31654754581002,clean
3.677706550857268,1.2255651585274638,50.0,6.066495426695967,compressed
3.913572847643406,1.0161032246002628,50.0,12.235319664289417,compressed
3.872971863526741,1.2271184239368296,50.0,-3.1665955270771926,compressed
3.1979855826767656,0.9749778601663395,50.0,22.553579179893013,compressed
4.306555774550683,1.0243769089979882,50.0,19.700695968706217,clean
4.28446482147333,0.3805577877950467,50.0,14.202531636142652,clean
4.1232214776847504,1.2840615791577692,50.0,5.645793037638711,clean
3.9722101059736574,1.1074114275283777,50.0,14.158287423541587,compressed
3.228316432508239,1.309383134056492,50.0,-1.2827108158481861,compressed
3.854993446657824,0.10216083275995635,50.0,17.466667908248546,compressed
3.9040898545881353,1.6473961584820254,50.0,26.99377073188705,compressed
3.6145653203903803,0.9567272152718962,50.0,20.047326719750235,compressed
4.018390001650414,1.34353667318863,50.0,-1.555229637688913,clean
4.374552039793159,0.6776291625910854,54.0644558930045,11.537007807277234,clean
5.0,1.1899599105693965,50.0,-8.317698525103772,clean
4.229984022084059,0.6734411754161667,50.0,14.06868373410811,clean
4.282256746155341,0.8066316221843004,50.0,12.607240954350466,clean
4.073099073067315,1.5933497196987036,50.0,-15.237796074385969,clean
2.911174134361604,0.9408884557633626,50.0,-6.741406126948365,noisy
4.103296258466994,1.0674041906857141,50.0,3.8023332390747946,clean
4.157945032262846,1.2697209965135139,50.0,3.5896830343100854,clean
5.0,1.1536613852715074,50.0,-7.313723225025664,clean
3.998812592187893,1.0466298605945088,50.0,11.867744752226205,compressed
4.309974825670176,1.1131379107645298,50.0,10.217683307286144,clean
4.098131585085697,1.7450588314238653,50.0,4.868770416257768,clean
3.383732836299695,0.9821381729195885,50.0,-1.8694980019003546,compressed
4.839978373144463,1.06234070448164,50.0,19.78448551699876,clean
4.5937178105926675,1.3257028627623597,50.0,27.06488535705954,clean
4.61835012663712,1.342713039216975,77.23972419054877,1.3972621938415548,clean
3.5470859034793145,1.3679793947237178,50.0,-0.14600300585784876,compressed
5.0,1.1980063688290472,50.0,13.094491984943955,clean
3.236833830440863,0.6456684770535501,50.0,2.9036474430361654,compressed
4.48971996909417,1.5063637750133396,50.0,5.52723359204119,clean
5.0,0.6446329281642067,50.0,16.075837820696055,clean
3.4959621151676665,1.0938169942241003,50.0,-15.712273050087514,compressed
3.7632324303502536,0.766174486493999,50.0,23.01962789823203,compressed
4.182780360005214,0.9801171125561723,50.0,8.072166291952096,clean
3.8028103379067946,1.101916347194079,50.0,2.262082265253837,compressed
3.1430820384283367,1.0996207367895847,50.0,6.129190149342613,compressed
4.163194674127797,1.1307954338129382,50.0,6.749152260246225,clean
3.450748660352554,1.5002504934081806,50.0,-13.574415641339105,compressed
4.418363231300164,1.1405956334693337,50.0,25.13925872943883,clean
3.5407627324327042,0.9243114430598989,50.0,7.695907587247421,compressed
5.0,1.2988670221693908,50.0,12.516025565368501,clean
3.626550425828171,1.3687358515666386,50.0,18.618597246888513,compressed
3.9171012447904245,0.6194415773075324,51.24550656000514,-5.0539494907236024,compressed
4.632515846942892,1.185194021653456,50.0,12.88166278842274,clean
3.3445554806466085,1.2173635501163784,50.0,3.9883069092144776,compressed
4.263299758800602,0.9077553139584025,50.0,17.361249302597923,clean
4.94349993519793,1.426469112126602,50.0,-18.326729044217945,clean
3.107285562226427,0.9534827680199167,50.0,6.0108683971047725,compressed
4.236319330875352,1.038928700576178,50.0,-0.03384786940753859,clean
4.283726160376507,0.9463477344720004,50.0,12.387155407609866,clean
4.6125484092197055,1.004829504750255,50.0,12.840530248418425,clean
3.3407210521468085,0.6601547230624875,50.0,-1.2915107378643134,compressed
3.288112333756906,0.5535842263957688,50.0,-1.3460863701125225,compressed
4.448823186338646,1.4942965695997414,50.0,5.872015577312046,clean
4.307100344136908,0.7374419820213184,50.0,-3.5597067277824967,clean
4.277810495717902,0.6926683716685448,50.0,17.303804345425522,clean
4.338262371983094,0.3324490647828484,54.63025198841335,2.769513594630646,clean
3.691584425405551,0.8019218582162543,50.0,-27.683858631859696,compressed
4.266319829211432,0.5898421640436755,50.0,2.7021353205383267,clean
4.304635658178169,1.5090246996422745,50.0,-5.262525850127669,clean
3.6699586066433882,1.3130432976962165,50.0,-12.375309785531346,compressed
5.0,0.7866733929949057,50.0,-7.649119658670869,clean
4.418514740174427,1.6982550996567358,50.0,8.512901661995642,clean
3.3694787967623316,1.3043473009673943,50.0,23.143689938978774,compressed
4.533628773439313,0.8993022711123271,50.0,10.95821368637976,clean
3.505950547756788,0.2251842283891924,50.0,-0.07804065858887643,compressed
4.615863300357745,1.71019219750313,50.0,12.670850342048432,clean
4.849915214774665,0.5692325353032852,50.0,1.6909162773720992,clean
3.6029701394384226,0.48992638844336356,50.0,-1.1352044299577342,compressed
4.726926961423922,1.3169968339229885,52.19427466570804,-6.6523520187958125,clean
4.380051983969994,1.7563232459651745,50.0,-13.82194568102063,clean
4.637897900796529,1.4291245737382607,50.0,2.520915521286656,clean
5.0,1.1748118272162316,50.0,9.096641879041583,clean
3.9654054869181916,1.1843738459162387,50.0,6.040515959821324,compressed
3.6451462164547817,1.2645588232218954,50.0,2.2083968646316965,compressed
3.5596059093359207,1.2352678628338971,50.0,-4.148952728361373,compressed
3.606039520471774,1.0871693414305066,50.0,14.498954300219623,compressed
4.071425923069114,1.0323023422250817,50.0,-8.605583039359018,clean
4.334925744134486,0.980596130351148,50.0,16.512334966121703,clean
4.294315203577912,0.7662709774513303,50.0,-4.826604227120696,clean
4.641125446892695,0.9129907261713001,67.51511552301268,-1.8292228482364186,clean
4.128191191883081,0.47518338759943046,50.0,-10.401422287388126,clean
5.0,0.9695147156936276,50.0,1.1831742373723602,clean
3.953266195060088,0.6935367567832156,65.53054719881214,18.903749501735746,compressed
5.0,0.657887311663111,50.0,13.387537061327478,clean
4.514170429091954,1.0557671868575784,50.0,18.941065344336423,clean
3.579990739457742,1.4315207087668258,50.0,13.46571055120723,compressed
3.4453377262214993,1.284678147860717,50.0,-6.04403794236443,compressed
4.423957621603207,0.5131448128768151,50.0,3.230529308069312,clean
3.979218445244714,0.6932152776631954,50.0,-2.1623895494095526,compressed
4.5698203112780185,1.291639068276347,50.7763544090194,23.16689884846848,clean
4.418139703481334,0.695428908003124,50.0,-7.161463757115739,clean
4.0741177850261705,0.9303637235009223,50.0,17.92437227266933,clean
3.586519957616905,1.1705161506976112,50.0,17.91544644130523,compressed
3.1656462484479055,0.699813218992273,50.0,29.155442420593044,compressed
3.838695580197777,1.0326664069052476,50.0,2.2837608884460314,compressed
4.659531240423788,0.5864520965753566,50.0,15.747865914961945,clean
4.254879058802029,0.8135760303751238,65.55171966093427,34.57982203846611,clean
3.3351845694114477,1.0991323995841864,50.0,-0.21170012320436005,compressed
4.229103983286245,0.5061719426051825,50.0,-11.220482970388318,clean
4.362749949229167,1.1365471687677238,50.0,-15.360120406893163,clean
3.5631698151932865,0.9939122823327288,50.0,15.752544346335977,compressed
4.216846816745683,1.1712718858693159,50.0,-15.397802496703004,clean
4.15667149262098,1.069413381560045,50.0,2.732171364744926,clean
3.3999287123667075,1.4228835332918917,50.0,12.44775824446753,compressed
4.345406037019418,1.0388195958208513,58.93087810458097,9.422106441958968,clean
4.473294251611987,0.8668842822511715,50.0,12.305338370210066,clean
4.802322283200425,1.037912225940008,50.0,9.867478269610249,clean
4.783895292781989,1.1684223890012801,50.0,22.546389759760718,clean
3.252068298187033,1.0151466218009684,50.0,-4.227796568865563,compressed
3.529170224853473,1.0125834242732035,50.0,-0.9239416615023748,compressed
4.444472218341456,0.7823825767799059,50.0,-2.0719133432498884,clean
4.443685149074692,0.7945007155592061,50.0,17.16230174235132,clean
4.444480042372811,0.565192365742095,50.0,18.004783060740763,clean
5.0,1.5423687903879513,50.0,12.614703831822098,clean
4.479661021736695,0.6144023970287016,50.0,21.401924002679134,clean
4.835406353313777,0.7851993886832688,50.0,-6.936490408516568,clean
4.721021111000717,0.7772937476735489,50.0,27.206689338613643,clean
4.530376488322653,1.2774265568527767,50.0,25.4788634605471,clean
3.9213803758765824,0.9085655997294714,50.0,16.02746396694896,compressed
4.598150608910759,1.3868000425288574,50.0,28.581586905252717,clean
3.6331201148413297,0.7912179064844007,50.0,-12.679478492133288,compressed
3.9708042777537944,1.0864881902893786,50.0,0.9066223648481779,compressed
3.814220964867665,0.7410424134894753,67.82162585391212,-1.6236415281834278,compressed
4.1715807078133835,1.6649962296097502,50.0,15.85775188508812,clean
5.0,0.6318444901008511,50.0,-5.401688875225747,clean
2.9436229286671987,1.0960444201703785,50.0,16.289941792049827,noisy
4.552343919935944,1.1964708330889504,50.0,23.64643372796056,clean
3.1039890011505196,1.1282777202099645,50.0,15.542434801007992,compressed
3.822682924552657,0.9425608257479104,50.0,10.605012283938013,compressed
4.806038876089441,0.9597555830826379,50.0,-4.654480090808991,clean
4.160496412030142,1.013581556313524,50.0,-2.9622115935043754,clean
3.4410207899045373,0.9544293794951685,50.0,22.195426863559998,compressed
3.66935866316622,1.298802526206422,50.0,16.55218804686399,compressed
4.548146581828846,1.6852621304933189,50.0,6.73176576746947,clean
3.659869022018204,0.8271775466475716,50.0,2.1850854508093134,compressed
4.2563689114366445,0.5753610763304859,50.0,-17.10969447733652,clean
4.148710259139403,0.972632565011111,50.0,-5.6502290242132664,clean
3.709491781008335,1.7997098946728387,50.0,30.13702904567668,compressed
5.0,0.7508608839293834,50.0,-8.165466852029603,clean
4.519368984060347,1.5081262096876609,50.0,9.473757854652968,clean
2.844160170405708,1.5200872523636966,50.0,19.28932767834238,noisy
4.237466218304739,0.8283876450705216,50.0,-7.85907201602751,clean
3.703074527195916,1.1763847545474353,50.0,9.416525697373,compressed
4.657033000921621,1.5048029531698468,50.0,18.454986450127862,clean
3.6207119347873986,0.882470400293879,50.0,7.349991862887004,compressed
4.047716041875853,0.9368900883682678,50.0,41.620836668001225,clean
4.438141985757688,0.8196789166759204,64.11086159391611,-12.823191106538342,clean
4.665425772327176,0.6854254134852114,50.0,19.904742358606548,clean
3.363813263554861,0.7987239610295378,53.29809850655558,5.1263791512424275,compressed
3.9092642214202025,0.6205785173037004,50.0,16.4630418580401,compressed
3.8207844539685976,1.0105658751603601,50.0,12.49568582039095,compressed
3.7084025834785614,0.761308298371821,50.0,-1.5978743653199592,compressed
5.0,1.0724736326551318,50.0,9.947956709512084,clean
4.375138477905402,0.5176723496768756,50.0,-15.094817416779446,clean
3.3256431087689218,1.1025728719864816,50.0,14.438970006856724,compressed
4.698253026644509,1.2583939780987667,50.105763400445156,10.777901591886309,clean
5.0,0.3819419508028489,50.0,14.86392202371723,clean
4.770453114147223,1.1159575366527474,50.0,19.8974199010458,clean
3.1627969214489715,1.3805773876667207,50.0,11.611438082516532,compressed
3.814932534094262,0.6250112842057263,50.0,8.977073037579315,compressed
4.918154023987572,1.518497439919688,50.0,-3.3728200399355073,clean
3.6741682366601682,1.129895892903474,50.0,-1.3466491637886113,compressed
4.399606239732124,0.7814463247148933,50.0,21.44081544212797,clean
4.608019453660482,0.9827115859261112,50.0,24.43602486847174,clean
3.536033802905808,1.173081342881734,50.0,4.342674764255351,compressed
4.0824990256810665,1.0235616713378475,50.0,7.752032967039289,clean
2.0780015757564843,1.1670143576583745,50.0,-3.6553724999251918,noisy
3.4746357859593973,0.7145911861453964,50.0,21.273082143209336,compressed
3.960882064622309,1.0525018554511842,50.0,15.185001884301343,compressed
3.3338965953621447,0.5617485059594561,50.0,30.49460923756499,compressed
5.0,0.9655199209819029,50.0,-3.339876926156866,clean
3.2190109318848013,0.7197886311459152,50.0,2.663905211781394,compressed
3.8427719733809003,0.7719857177971724,50.0,9.977351070306868,compressed
4.202366563690238,1.3831888843152356,50.0,14.957874452709248,clean
5.0,1.3383061373842233,50.0,4.611988349428412,clean
3.215406844756953,1.1888328174812248,50.0,-3.275533085444404,compressed
4.8527931638576245,0.6613830429515005,50.0,17.776890347082855,clean
4.12644682844234,0.9019133805946113,50.0,15.85362435054698,clean
3.501649549839791,1.3760602869935468,50.0,-3.795289206764699,compressed
4.411125188785861,1.0439322432283704,50.0,23.46531361326595,clean
4.245407608211286,1.7189921573943252,50.0,21.242384510359244,clean
3.7418633673899593,1.1219285302122552,50.0,8.811557966973515,compressed
4.163975313543712,1.0595352261119098,50.0,8.155174348512437,clean
3.877252433977091,0.9041738960972245,50.0,13.848693253390886,compressed
4.191515927508286,1.0413976804825076,50.0,-3.140436843075098,clean
4.53714232494826,0.9527343507220314,50.0,7.560377749968986,clean
5.0,1.219513689773463,50.0,-18.628602535310165,clean
3.340176235739085,1.2965777182063212,50.0,17.717467746035226,compressed
5.0,0.7563432672425356,50.0,-11.537918669302314,clean
2.890184686300824,0.5873177843970888,50.0,25.241037941147987,noisy
4.024375390127583,0.430776334337978,50.0,3.2385588724025967,clean
4.490639840085283,1.1574773113428884,50.0,4.659996216825878,clean
4.2970248766730705,0.6579563520860991,50.0,-0.332806873014067,clean
3.727699302513026,0.3326039161847303,50.0,3.7435335129350835,compressed
3.9888829822749168,1.1204593674045988,56.960879880307125,24.22237614177644,compressed
3.8094094111649355,1.772829850404165,50.0,-22.653703878420952,compressed
3.748700203125147,0.9981180174226331,50.0,22.523584633058253,compressed
4.655249321123246,1.259932140080009,50.0,11.256281773220497,clean
4.34491975615798,1.0253671011497452,50.0,-7.284259774286586,clean
3.683466954985788,0.9693442075107458,50.0,-5.703748716590854,compressed
4.686747921522948,1.2849137097262082,50.0,27.316716326498437,clean
4.313598698152264,0.910014891301518,50.0,-4.146082559312775,clean
4.632103134868545,1.08289161736229,50.0,-6.6402061271515125,clean
4.516666170411876,1.0997263199207643,50.0,20.84777450837675,clean
3.5977331431190946,0.7928919593706549,50.0,11.262634515430971,compressed
3.7670859446759093,1.307533128356322,50.0,-4.055106918436786,compressed
4.5907949712276555,0.9457624754244234,50.0,9.799499704855428,clean
4.504533267223083,0.7657190005572181,50.0,-5.109032203683326,clean
4.106831995802587,1.166318051506825,64.68959144249733,20.409856781071262,clean
4.1939162514845325,0.7214749256447784,98.22854853576138,19.9364515784776,clean
4.924928884346707,1.0087361587844297,50.0,13.584074385863318,clean
3.7473100250334275,0.9971731110402969,50.0,11.5399327349642,compressed
4.464671350137124,1.3366276254077891,50.0,28.334257498408483,clean
3.992618628966647,1.1471564521927853,50.0,7.196235928658703,compressed
3.9828608419668514,0.9922416427890054,50.0,-6.982489505049613,compressed
4.81222941675193,1.253507552752089,58.6558618129609,12.593686953987682,clean
4.640012299862459,1.4309643401953671,50.0,32.232564594445364,clean
4.632511070680402,1.1729211949690772,50.0,-4.977113918230226,clean
4.942451648507228,1.003209312151448,50.0,2.8624467996721714,clean
4.133232420228638,0.5933307679714506,50.0,12.19735245721743,clean
4.5496303719158275,0.6698147644466346,50.0,6.55314181193113,clean
3.924531943346123,0.905380341650053,50.0,-4.587642964527775,compressed
4.324224802067719,0.8110512173306222,50.0,20.66229427476565,clean
4.038009875748359,0.9420388960745117,50.0,35.04048866420712,clean
4.181107457945412,1.0175614767181032,50.0,9.553577508286889,clean
4.4949489260252555,1.1642047538505866,50.0,-3.6488194768320037,clean
3.6045209695629126,0.9781453788016817,50.0,-11.3875263006417,compressed
5.0,1.1508155095861226,55.02222224376087,10.29571177465417,clean
3.486209049655188,1.0199870685911372,50.0,20.44652811979509,compressed
3.355061173943729,0.3876053644302999,50.0,12.90201295794458,compressed
4.849609850305043,0.7088060279161862,50.0,7.171153908973754,clean
4.61874749719665,0.9553328577262992,50.0,0.12874017852832598,clean
4.513195484742858,0.6249946297192567,50.0,-5.905963592617076,clean
4.515857670836496,1.1859779062988234,50.0,17.217015915898585,clean
4.112284533106444,1.4745327580265462,50.0,18.165259456627027,clean
3.554729745963926,1.3778161740261683,50.0,-11.348757440288797,compressed
4.167756871662048,0.9338327100116355,50.0,26.278067738168208,clean
3.6933881217473696,1.4621251024234851,50.0,14.088854650728017,compressed
4.734325432053184,1.0460869117326546,50.0,23.99513574174952,clean
4.027353849653653,0.8955033489534078,50.0,-8.90553298182138,clean
3.599936766020718,0.8098451743023087,50.0,-9.189889864985268,compressed
3.9175269197586142,0.9062343971886803,50.0,5.412368282792437,compressed
4.380146816193643,0.8796651862522191,50.0,13.23341312274233,clean
3.764853531733496,1.0528290289364013,50.0,28.756329875123562,compressed
3.602001150793148,1.049777934125458,50.0,15.672946965781577,compressed
4.273522943239905,1.0009442662475585,50.0,4.2878246782556,clean
4.274328939798496,1.1354508326213684,50.0,-5.116430491990704,clean
3.8006257995161885,1.3691003451837658,50.0,21.9600068726298,compressed
3.823245867460457,1.2943617819868103,50.0,-4.376465109008577,compressed
4.266191460535311,0.5396816297805299,50.0,26.741622657267857,clean
3.2077068648566858,0.20828444818039404,50.0,3.787384204721888,compressed
3.23329782214277,1.289639172484175,50.0,26.2869848714142,compressed
3.667380140610965,0.5762676034912195,50.0,15.34717548071134,compressed
3.9855282944215364,0.9303227254132681,50.0,5.556054126690501,compressed
4.315871766326743,0.6372649619215985,50.0,0.967243538086481,clean
5.0,0.4413860643501939,50.0,3.109105471847043,clean
4.660325562617272,1.1678534457434844,50.0,12.33980030850285,clean
4.019238726123041,1.2353380996938206,50.0,8.125877954612601,clean
4.108019789021306,0.821281775774717,50.0,0.07426310317553853,clean
3.4884065002781806,0.19677688943507798,50.0,5.212423076188413,compressed
4.108336724324794,0.8306642210417303,50.0,8.142924356629798,clean
3.938145057480313,1.1214592416747895,50.0,-18.344809132977748,compressed
4.323312693012997,0.5415374136800201,50.0,12.698017377464385,clean
3.5988445055620364,1.0568415751315383,50.0,-4.556654696601682,compressed
4.447188303971939,0.9952539467563714,50.0,-6.63998883846894,clean
5.0,1.1795803648763374,50.0,-13.048132165328525,clean
4.051481106472179,1.0370699142083875,50.0,-14.326709974414683,clean
4.373078384922334,0.6983486283267177,50.0,-9.06537003734747,clean
4.554790714778001,1.3709371655159923,50.0,-1.308251491565886,clean
3.8672311027119233,0.9508558323616393,50.78520406848663,30.63910965031882,compressed
4.261178263540563,0.9915355927519212,50.0,0.8894438892575538,clean
4.127933212492531,0.7106869326873092,50.0,9.333001275216375,clean
4.181535942085764,0.8625825021306318,50.0,12.005776638075943,clean
3.6330038361710564,0.7257111586516607,50.0,8.772782234590185,compressed
4.135441409783134,0.9463867214237389,50.0,6.270678471288076,clean
4.433738923484634,1.5306296288441263,50.0,-7.143525163190936,clean
5.0,0.5747106456912796,50.0,24.61113057935054,clean
4.72434062043368,0.49979596665821024,50.0,28.88635972365462,clean
5.0,1.4560628015230186,50.0,-12.99190432947223,clean
3.6365710353805287,0.9351096600829215,50.0,-5.088343090636555,compressed
4.669562001134027,0.7925874510154258,50.0,3.842275891475927,clean
4.235505463615162,1.3223704530927836,50.0,-4.374453538922295,clean
5.0,0.8122591826815722,50.0,13.271586641470382,clean
3.610772080226255,1.5660630111995504,50.0,-1.5392664288793574,compressed
3.590975239426111,1.2101570201151735,50.0,33.18067281367923,compressed
3.742382633370266,0.8487474634748322,50.0,21.48658313212315,compressed
2.781945693684822,1.668765546112306,50.0,9.75088836758658,noisy
3.788774336341121,0.8122283738689651,50.0,19.523835159836786,compressed
3.6417464232211705,1.2300495653228851,50.0,20.47080509228771,compressed
4.214748085480011,1.0927806999260126,50.0,0.43263014330108174,clean
4.335306264739611,1.4035397997136274,50.0,-2.5946069345035765,clean
5.0,1.4840684709853242,50.0,8.13771675563577,clean
4.718767018057211,1.0099212862103877,50.0,17.539633493975327,clean
3.756550696932686,0.7664404601926831,50.0,8.868724783841012,compressed
3.5539987570505347,1.142591364311126,50.0,-11.723957786291965,compressed
4.429909078049099,0.7899082353768471,50.0,-2.4338933274101064,clean
3.2882530795769958,1.624150046733253,50.0,6.312325636867464,compressed
5.0,1.0423259526356485,50.0,6.292012748090037,clean
4.863047276054411,0.8867503190932463,50.0,30.870506121477696,clean
3.824419339174036,1.0572508948181216,50.0,-9.431855308787977,compressed
3.0407252466727472,0.5823908502457941,50.0,13.267070902030497,compressed
4.97293959572421,0.698799648061698,50.0,25.069357299939472,clean
4.047839897490851,1.3721283114627718,50.0,34.457396945073555,clean
4.899824276543281,0.7963627735188673,50.0,2.347230921792465,clean
3.115510574959549,0.6754575953685987,50.0,13.097153432642397,compressed
3.7423937355391232,1.1663623532834588,50.0,14.037124286383763,compressed
4.123303530822455,1.367568287945529,50.0,9.54578077863949,clean
4.149597774071788,1.2228755263061708,50.0,6.013857585128328,clean
3.8364587529680767,1.308774782599803,54.990907917985965,12.43170467400055,compressed
4.512395457378925,0.7653935225434672,50.0,-23.186953022636224,clean
3.4473991294889657,0.5592386933100284,50.0,15.384833880751575,compressed
4.0303009244365855,1.465413432106201,50.0,8.714134843943606,clean
4.195786247978496,0.8999692499589379,50.0,4.530301238660815,clean
4.444096465457012,0.9222417648989353,50.0,31.762346348634694,clean
4.568317373196001,1.411740183973208,50.0,-0.8992082254866274,clean
3.4114754821421425,1.1724313029142046,50.91175074421784,2.363088131219631,compressed
3.153508072436558,1.1413252093452984,50.0,31.09863962645681,compressed
4.924936397796061,1.6711507269193362,50.0,-2.7847356581982785,clean
4.329357827547143,0.8005093485821557,50.0,0.598616604761534,clean
3.6484534819693715,1.2876304397051834,50.0,5.4356949188298005,compressed
5.0,1.0176740687180963,50.0,17.28881378555459,clean
4.192875019604501,1.0832636064476096,50.0,9.693630088239761,clean
4.86295722596021,1.4738252121878848,50.0,-8.311504165827152,clean
4.162536643288369,1.1574290844497834,50.0,0.8139772424737259,clean
5.0,1.1668717845053862,50.0,-0.08825319854653646,clean
5.0,1.3324772745660387,50.0,6.273347457323453,clean
3.963152586458184,0.8868646538417055,50.0,12.31012390355795,compressed
4.732089699101244,0.739845003124908,50.0,12.218469070655665,clean
4.526586848238643,0.6761091498534796,50.0,-14.112141048580828,clean
4.98223788124538,0.3904294572934395,50.0,19.967291850730273,clean
3.5120982198345345,1.6374242102815,50.0,10.230826151959482,compressed
4.552212419799017,0.6580054066262782,50.0,23.814384571126876,clean
4.7868074267152405,0.9314113766884107,50.0,12.530379927488063,clean
3.011994123553438,0.9141878770344346,50.0,20.415875492829144,compressed
3.3745471370205617,1.0952960763208213,50.0,12.798543737401523,compressed
2.8352837280111367,1.2528785358871821,50.0,23.35470907443298,noisy
3.950273694299929,1.2667467813915212,50.0,13.467007632213342,compressed
4.572051621151457,0.8192459940436291,50.0,6.0250170426851515,clean
5.0,0.9481922687262124,50.0,34.469216645362586,clean
4.166679711664458,1.087599784651373,50.0,17.868445467358704,clean
5.0,0.9229057508831005,50.0,14.084933052052957,clean
3.2505360813246185,1.4982771285661978,50.0,-8.115652998460032,compressed
3.0468690632062527,1.152202235007858,50.0,-8.259691409562453,compressed
4.08500494969513,1.2278121136754434,50.0,10.712585785702242,clean
4.361961232831764,1.205493193286898,57.28247551658316,8.94625437321889,clean
4.099402308700721,1.3637768958204508,50.0,-0.1694707800997941,clean
2.817511476974878,1.0561166831981492,50.0,8.89179239534472,noisy
4.063854375106944,0.5979820961336876,50.0,26.26352313652315,clean
3.2981842146819424,1.123903265043319,50.0,15.544829694603585,compressed
4.5418937057629245,0.798079362924533,50.0,-6.49210211703286,clean
4.350956895041015,0.8361288286575754,50.0,5.861894074284676,clean
3.527875734613766,1.1817728458140788,50.0,-2.4595977702307303,compressed
3.796263842077883,1.3838677521444271,50.0,2.547601003097266,compressed
3.4526954812099606,1.006594188788179,50.0,2.2366120124442874,compressed
4.080512168717902,1.0957382339056787,50.0,1.4682530087519376,clean
4.72173966191578,1.5276866328369239,50.0,-7.861624463680738,clean
3.4989925908086077,1.074633485641456,50.0,5.668143821781719,compressed
4.437549304776242,1.8065217653959225,50.0,0.47270835783228105,clean
3.7859377004253623,1.1753079901457788,50.0,-27.95338428002722,compressed
3.6204901156747233,0.4541635446616965,50.0,31.835664294019953,compressed
4.052570873228628,1.233535902542405,50.0,20.265235850600064,clean
3.4677973368757944,1.1181590993136612,50.0,2.6843913009000477,compressed
3.771200937631275,1.399823353765651,50.0,7.4258285968871816,compressed
3.3653369276690257,1.208686218893687,50.0,-6.859852167810742,compressed
5.0,0.9570786449650301,50.0,27.54867453373038,clean
4.142216037742189,0.6204675467502967,50.0,29.967464337277338,clean
3.679172929964671,0.9352027902413321,50.0,9.080324738958296,compressed
4.25480734376256,0.736338659195117,50.0,19.482367730224137,clean
4.049233328694777,0.820037730560536,50.0,9.303441347207087,clean
3.9807891522940695,1.182459305370389,50.0,-8.840705266511169,compressed
4.506925021027358,1.517670396348936,50.0,2.2581195724361125,clean
4.597229857329802,1.1223481742451242,50.0,8.783135601263485,clean
3.7857842770053676,0.6292762507690928,50.0,1.7454273750786697,compressed
3.757234508393852,1.1378268271482437,50.0,4.576160670779569,compressed
3.9467174307944646,1.370955760860152,50.0,6.103205309890627,compressed
2.6697896662165816,0.8109672996609916,75.77256208804276,6.2294580256144645,noisy
3.165429630814912,0.9584546783313955,50.0,7.827101885969799,compressed
4.98113078849005,1.0045533403660512,50.0,-5.527260796759211,clean
5.0,0.7566815229445056,50.0,-1.4041937895352339,clean
3.9631072950794817,1.2009669344915963,50.0,-8.215011188399632,compressed
4.483230886725133,0.9625060739315877,50.0,18.933786596234405,clean
4.3160875973624275,1.1300550576111785,50.0,-18.067763302083893,clean
5.0,0.724877424881349,50.0,21.043084119803105,clean
4.825332194203783,0.8643879268997428,50.0,23.83619276715412,clean
4.039411917367117,1.2239382209266092,50.0,3.5738329562085434,clean
3.518009522421732,0.8844217228515523,56.37327497683963,-24.037645053927584,compressed
3.1079388182377294,1.5353587938823556,64.59471213036036,2.864273256392514,compressed
4.248182090596351,0.8761127824594732,50.0,6.429790064534169,clean
3.643499030470889,1.0696522649830846,50.0,-4.927178639146962,compressed
3.2239801629534655,1.2891031578806578,50.0,1.0173792743010877,compressed
3.7126590829272086,0.5603066227907602,50.0,25.562342386360214,compressed
3.4386247577229314,0.4541492682859595,50.0,15.179125947620893,compressed
5.0,0.5270465424832707,50.0,-3.8947693725371986,clean
4.675433046878154,1.3914010720624264,50.0,-11.971190035145188,clean
4.114977235970531,0.8289239747733415,50.0,3.275792188682747,clean
5.0,1.7930417785571582,50.0,4.638518647794742,clean
4.168742033818,0.8250832444162095,50.0,13.154390248359796,clean
3.577390953163194,1.0572109039910815,50.0,0.7761994491880921,compressed
5.0,1.4780540852960415,50.0,13.337994904342338,clean
4.459513327521335,1.621888795329328,50.0,30.421848480722748,clean
3.4665349227743327,1.6390661087572833,50.0,16.98601226933115,compressed
4.000086632807327,1.3745935314838742,50.0,6.6229379120307295,clean
3.568360500367603,1.3174593830015533,50.0,5.002194347360464,compressed
3.2488361694924683,1.1836833542523668,50.0,2.9199223898415454,compressed
4.703491854944934,1.2412919336116577,50.0,21.367690949425736,clean
5.0,0.8291324279381547,50.0,-0.3277613514156341,clean
3.238902428493941,0.7463583461390848,50.0,7.7426725079997905,compressed
4.474670619115059,0.9989539182026048,50.0,7.814374822573024,clean
3.7100951814532492,0.9472427670172722,50.0,1.178589686261616,compressed
3.813111008228242,0.8594993047085446,50.0,-9.26958657460921,compressed
3.7467918277295125,1.2158801087115818,93.38774220179263,11.075694043412017,compressed
3.575685815101716,1.2961446146568583,50.0,6.467952337735397,compressed
4.150568625605241,1.0274061347504726,50.0,13.20288563323884,clean
3.5965014266610464,1.458034325127131,50.0,0.796796322729997,compressed
4.290387800241299,0.6460763746186134,50.0,21.849855585756572,clean
4.0883499910470436,0.9399655676232874,50.0,-3.3212853745421382,clean
3.969462730474162,0.7777850806131305,50.0,27.74448340821471,compressed
3.5482348929137935,0.4213736487073514,50.0,-13.77163811793914,compressed
3.7566340617419502,0.9743689873887632,50.0,12.417240774682693,compressed
4.595896472270226,0.9622582724011821,50.0,12.905168190319483,clean
4.43557782820336,1.4691694204050605,50.0,-2.3466848152905877,clean
3.504140195776913,1.195551622211981,50.0,12.292727254332151,compressed
4.1825793524204125,0.6825020844579465,50.0,22.554224037121905,clean
4.593373887724227,1.5747686955635984,50.0,-19.401826072248774,clean
3.068274672893536,1.3785204456128595,50.0,13.232937689889777,compressed
4.462316921199359,1.180450288075271,94.47629597836266,-22.71924984396093,clean
3.7025470318641167,0.9297899293565521,50.0,-4.3879776422784955,compressed
4.4794771612136906,0.7025738366157213,50.0,26.749996378811343,clean
3.6391467313782146,0.8846158994179736,50.0,0.2186155992953518,compressed
2.982924276581353,1.3375120721082976,50.0,-6.886559572907671,noisy
3.0946482641336077,1.5842217548397288,50.0,4.824747252183817,compressed
4.150293516396671,1.4784054937643787,50.0,32.014876057962624,clean
4.283625176084533,0.848456679246255,66.5219613013692,-14.780186966472314,clean
3.5502805261842227,0.6529185956804066,50.0,-5.415718939672135,compressed
4.522313249029746,1.0436747365424732,50.0,25.169180198155516,clean
3.0732423607705552,0.45178379667551605,50.0,29.49242812245279,compressed
4.07836972685219,1.1001819913972823,50.0,5.958825308516593,clean
3.3570597941496523,0.9542431982474127,50.0,-7.66863243031971,compressed
3.70934325208464,0.855528684420845,50.0,32.35012202170991,compressed
4.149861162929341,0.5056420491472935,50.0,26.33330870099036,clean
3.57793957987111,1.1592160330366121,50.0,15.347363853146796,compressed
3.8777300071352103,0.8348627397048074,50.0,-2.5488281872490406,compressed
4.753964469805098,0.6373257809298107,50.0,6.611647909943559,clean
3.7565581222004165,0.10959871388268871,50.0,5.275679027462031,compressed
4.646486030601039,0.9914703794343027,50.0,11.170215655386933,clean
3.408284681565701,1.5493979949676207,50.0,24.61201725757603,compressed
4.453776632086628,1.5149903565098397,50.0,17.753004493648838,clean
5.0,0.8583001604582557,50.0,-5.728512923817099,clean
2.5628639649198077,0.813314261287848,77.66416623900024,23.717957400234454,noisy
3.6179559890535997,1.1453200193832573,50.0,10.957585680157864,compressed
4.48355544012374,0.6905005138516296,50.0,15.444789550306997,clean
3.9920814067929147,1.0935554889440344,50.0,24.798490311343233,compressed
4.353821900223925,1.237484886299254,50.0,-6.138962994162614,clean
3.739489332369033,1.3803492994041353,67.48212746338474,6.770093055522445,compressed
4.174551566107927,0.9689522362912146,50.0,0.8225453836894197,clean
4.0219233417029905,0.9368611374451405,50.0,-11.61431310438547,clean
4.855702698845679,0.7278253981054661,60.93605177869065,11.36051973125904,clean
4.280285131279764,0.7436670902476434,50.0,37.33867861901309,clean
4.3326896771073775,0.9297915435105267,50.0,-14.880932934069033,clean
3.8605175113428456,1.1138833071130152,50.0,6.812632667406357,compressed
3.8128080788343293,1.2832112341323074,50.0,14.88651522089728,compressed
3.847488341673639,0.7510145252890931,50.0,8.676938419874174,compressed
4.368504849698327,1.4627334563774517,50.0,5.8424633698111155,clean
3.8547797770832344,0.9159516836768037,50.0,-8.390596361349893,compressed
4.30255815984474,0.9933761387519848,50.0,9.993440915281964,clean
5.0,0.7683643794641748,50.0,-1.8811677241911164,clean
4.668808563161966,0.2484855193153881,50.0,-19.07906045974264,clean
3.9146051747342603,1.2740540728719254,50.0,21.535106646164767,compressed
4.876764770963286,1.2284216080986543,50.0,18.700629838104508,clean
3.862912514996423,0.9127884572933539,50.0,7.819931722212958,compressed
2.8359815428379522,1.0207671223397103,50.0,9.94889625846843,noisy
3.4849056241220353,1.1599411574882708,50.0,20.091816152586738,compressed
2.941401089753711,0.5156107843651718,50.0,9.892075881336991,noisy
3.8985465050539756,0.8359936700226487,50.0,18.048210657135773,compressed
4.131603578889417,1.2462220506827664,50.0,3.6302135895137986,clean
5.0,0.6111702788175326,50.0,22.943804862887358,clean
4.325964245471423,1.091002958971655,50.0,11.049428711192206,clean
3.9819666668504157,0.5794596405667445,50.0,9.528623323270487,compressed
4.642525516145598,1.144593294554393,83.50587204000226,-8.040733064544384,clean
2.7269847553250326,0.9889511404877801,50.0,10.643470251620505,noisy
4.268437171608396,0.49930913706929203,50.0,-2.7834590099334138,clean
4.605645072148789,1.3610691998817233,50.0,-0.4593927183419302,clean
3.1884906651587,0.7722766111926047,50.0,-2.584507539793452,compressed
4.840565047220365,0.7488217445255418,57.554476574273515,-5.5948191827907,clean
4.333252736721481,1.0621764511415923,50.0,32.69725683620354,clean
3.858368614242495,1.3560775783229018,50.0,23.17606874386084,compressed
4.51865257564696,0.6850952361166969,50.0,30.244410025731135,clean
5.0,1.0191207534528712,50.0,-7.4747402346667675,clean
4.234575740686852,1.1329331151024775,50.0,8.05504499893071,clean
4.276378969369212,1.2148627382515746,50.0,-8.322091502449151,clean
3.8306026332896463,1.0546968821359397,50.0,-1.1483385263647685,compressed
3.584598047237181,0.8862213698841701,50.0,-3.817523800998898,compressed
4.643111564422875,0.7434470315988969,50.0,22.075008077298737,clean
3.580667189677414,1.026704603744376,50.0,2.4452438627788817,compressed
4.165086729448217,0.6676369062844618,50.0,20.020552004328195,clean
3.819075808537977,0.0943813501166717,50.0,14.449450675062216,compressed
4.421757290220227,1.135333539288877,50.0,34.84366502525747,clean
4.3302071263307775,1.2802198007367205,50.0,-10.553330677676687,clean
4.7736501648824765,0.2674909449820301,50.0,22.310798877441588,clean
3.7986896687215097,0.6869834815399194,50.0,20.95729044480873,compressed
3.949978790765176,1.1919378209116114,50.0,-4.480546056324415,compressed
3.5033788590571464,1.6378235956106266,50.0,19.285600037677916,compressed
3.8400952461520497,1.0064460493793765,50.0,11.233739556314745,compressed
4.357699310618257,0.7743190882189683,50.0,4.470284880559107,clean
4.596902828486572,0.9433021032574995,50.0,-2.6872258436639944,clean
3.539035845768096,1.4262116899359372,50.0,-1.4293134173902304,compressed
4.667851729666566,0.7997511044713941,50.0,31.797745149431112,clean
4.974051851047119,0.7522504779384214,50.0,7.208193827489792,clean
4.380463989030932,0.8503495081235699,50.0,16.58556001837751,clean
5.0,0.7044681314397991,50.0,-2.2907925800106375,clean
3.6325128045647492,1.0380277979583865,50.0,-2.1582353546596655,compressed
3.335867536913807,1.503650322125564,50.0,20.183817710999307,compressed
2.999406243190305,1.100154574665969,50.0,-8.994914538618385,noisy
5.0,0.9217704143408508,50.0,2.2174347851367413,clean
4.532250363503056,0.9095385066361813,50.0,7.608328932866785,clean
4.084981657326414,0.5154108493040364,50.0,8.536471222080628,clean
4.296380234581487,1.2737640309156193,50.0,5.050880579806125,clean
3.410941900202023,0.9758704689260314,50.0,11.949837373151077,compressed
5.0,0.944051226786906,50.0,15.51426906981374,clean
4.201409344644394,1.9898633460319068,50.0,16.01565054551196,clean
4.188918720601083,1.0926134015933626,50.0,-4.62964570401392,clean
4.5772329730561765,0.7669447744704929,50.0,3.7901388248544343,clean
4.42303581599413,0.8678291451762816,50.0,21.53715434252325,clean
4.261046935295853,1.3560181698509939,50.0,17.935766250886466,clean
3.6220010930694535,1.035113827266707,50.0,-9.274313417772767,compressed
4.417025064995677,0.5541338267216163,50.0,11.41775880422642,clean
5.0,1.284960969718313,50.0,-16.538702992497722,clean
4.967614629077636,0.7928753334829118,50.0,7.763218824724436,clean
5.0,1.580722310627439,50.0,29.973204200951724,clean
3.7979341238483535,1.334814900371541,50.0,-4.174712607227835,compressed
3.4965489632370943,0.8613302123457871,50.0,-2.8118765458989854,compressed
4.040754240337222,1.3971150721378849,50.0,16.368357378874315,clean
4.155106694741877,1.021035208263495,50.0,-11.31361818251575,clean
4.809340656636698,1.264359839287888,50.0,-0.3930603586204686,clean
3.053747283279664,1.1502671733612873,50.0,14.357293650981031,compressed
5.0,0.7376294369528292,50.0,-0.41143017227283707,clean
4.020455023895237,0.8004995519815867,50.0,4.368360153468341,clean
3.8510649259331253,1.31928785345016,50.0,16.130228523780413,compressed
3.4823742435860945,0.8962196470469723,55.78871697474905,12.258553002438735,compressed
3.077440296724565,0.8748689763949811,50.0,10.401820755544822,compressed
4.638597467896006,0.7039120004017005,50.0,3.1305326487595355,clean
4.166190319328694,1.1313157103339728,50.0,11.640733383227463,clean
3.307324633163136,1.639382724965375,50.0,5.715207838802921,compressed
3.3041003735999217,0.6690647965811753,50.0,12.693667319109416,compressed
3.908455639447219,1.007508031568555,59.08012112696662,1.2368156985842615,compressed
5.0,1.4377883721787832,50.0,5.009172307445507,clean
3.956457448640929,0.9753111687138283,50.0,-4.679493510624167,compressed
3.1730199395355934,1.1402352568374174,50.0,6.779908679925169,compressed
3.965181869625855,0.6706580062744674,50.0,-2.5320103635461377,compressed
3.9481841510589675,1.132775200134371,50.0,-6.168557401943921,compressed
2.42096141494681,0.9419852778485899,50.0,10.303933774264657,noisy
4.085794234093778,1.3055762986607575,50.0,9.752877310291924,clean
3.9745112459685332,1.368089675985073,50.0,16.59448481938287,compressed
4.558610009832454,1.8027647290257702,50.0,2.0264931650988114,clean
5.0,1.1796862836962085,50.0,12.096634162041068,clean
4.829735968615087,1.1009968581404717,50.35044610161724,13.80957086728396,clean
3.9506001249504568,1.0602591334889742,50.0,12.537285693979136,compressed
3.4228886774927476,0.8905184492286866,50.0,-2.7078441936257063,compressed
5.0,1.1049299914731243,50.0,8.992361787254268,clean
4.157307613429127,0.9084255628569009,50.0,11.569683552655937,clean
4.128775453905156,1.0522229026435803,50.0,7.286141602895303,clean
4.104801195120698,1.4084552360384675,50.0,-17.83773190045302,clean
4.244793399283749,0.6879718047633112,50.0,9.12587548768176,clean
4.029052940487916,1.3533623539500041,50.0,33.750372472766905,clean
3.758592935665451,1.4083056708753583,50.0,2.8795287749162073,compressed
3.775478867018553,0.9633987566327656,50.0,-1.536925174263854,compressed
4.099365439763921,0.3422249813073357,50.0,11.680182716536779,clean
3.7776423941857282,0.8115751840007259,50.0,10.94853852559886,compressed
3.6709071569133864,1.402068309433944,50.0,21.51282198499697,compressed
4.187051043445895,0.9929109006873466,50.0,-7.894417870906653,clean
3.9593643530248612,0.6902163079885777,50.0,15.976563030899907,compressed
5.0,0.8435197744192526,50.0,14.285064735017562,clean
2.449889020712402,1.2605922082164114,50.0,5.4942415567134475,noisy
4.807649316711151,1.1694874061424276,50.0,11.26424781506028,clean
4.9050336712735065,0.9259310492573948,50.0,19.553489779180286,clean
2.813764153582866,0.8862844323374468,50.0,17.667784560341403,noisy
3.9041068157293806,0.8785549737964152,50.0,-6.516231744884744,compressed
3.8859922544226513,0.7140528428054642,50.0,17.041898241065812,compressed
3.233267632327773,1.500766463735527,50.0,6.423736739609779,compressed
3.6299754868177487,0.9000806545444846,50.0,8.074489176186185,compressed
3.420337217356528,1.3773191414559038,50.0,8.078363892020334,compressed
5.0,1.47160797609596,50.0,5.39708413442088,clean
4.709477387682901,1.3094763784258676,50.0,21.50048996528478,clean
4.92107970984632,0.866197703057405,50.0,6.195384481809456,clean
4.5746534003472386,1.1251563280043488,50.0,-6.234553540598024,clean
3.408697384133146,0.992499362018816,50.0,2.4776417283632544,compressed
3.789552232243743,0.7198524231736603,50.0,9.344336601725708,compressed
4.428305973573589,1.100551377333697,50.0,21.950577411564606,clean
3.3500594803980746,0.6344976647404612,50.0,14.437136219386002,compressed
4.569189011008604,1.3681806104230847,50.0,-3.006423344964527,clean
3.968594999160375,0.8559686378374982,50.0,37.0222790001467,compressed
3.8838628912437536,1.0623594933205802,50.0,10.377303731735756,compressed
4.5679047799682,1.087819240179304,50.0,22.504688855988178,clean
4.399885886236206,0.919739458151736,50.0,5.3794267970732506,clean
3.8925913155339797,1.181875078457335,50.0,13.600310936465393,compressed
4.850377776119476,0.8527798664470174,50.0,17.273622054220855,clean
3.4389301036120647,1.2701021622117457,50.0,21.81833654105107,compressed
4.508039432374886,0.582746299123508,50.0,19.8884196645387,clean
4.493653792520082,1.0391776696593877,50.0,17.666364000875735,clean
3.9249857432321864,1.6010679897080684,50.0,3.4189592256706964,compressed
4.325463804012535,0.6898972893722719,50.0,0.3390474965272636,clean
3.3317984468772592,0.7898990591372961,50.0,11.19129012389037,compressed
4.702137022100348,1.1593114333942636,50.0,18.397536868092832,clean
4.003511654040917,1.0556703524012754,50.0,4.527351590680715,clean
3.790684497073005,1.1086953307748033,50.0,19.98206358857264,compressed
4.78087581227724,1.1516480103457756,50.0,24.63140094583415,clean
3.676263474958062,1.1967636552541487,65.18934041559304,-3.795851028881036,compressed
3.2326693832909577,1.3440069510064292,50.0,-2.8430484455553584,compressed
3.139323620679941,1.1270437836478389,50.0,5.515499293135963,compressed
4.501786269347753,0.9252101270682518,50.0,10.891352018270357,clean
3.3133295079273415,1.2084978473728467,50.0,0.9051958347953883,compressed
5.0,1.588963399817517,50.0,23.426432146405734,clean
2.8083844730332554,0.9588835386214022,50.0,12.288802338221416,noisy
5.0,0.6978959155521012,51.678742100846456,7.673364578888874,clean
4.25294100433765,1.3431950074789616,50.0,-10.03091428642233,clean
4.059070739521653,0.9626818391743845,50.74426851281129,-8.589789797130084,clean
3.7767009753103618,0.32647244073564874,50.0,10.572111003381675,compressed
4.371455752041805,1.2627007199166307,50.0,-18.391147513858034,clean
4.096290137472345,0.834048262354284,50.0,19.351648915728862,clean
4.815080185670409,0.9719346824857101,50.0,5.302153867532157,clean
4.191963418657085,1.1029139024763945,50.0,46.1171156351368,clean
4.214690109720983,1.0590549007315107,50.0,34.89499500739333,clean
3.890924306305271,1.2199300633131023,50.0,5.022611169029799,compressed
4.084124257055728,0.8649992251233486,50.0,5.92395596962422,clean
4.313915114401998,1.1590627974345857,63.440138755883616,19.146978168024358,clean
3.0425939126263257,0.9195405299489856,50.0,27.63807131901645,compressed
3.2706431840734007,1.2290312490751258,50.0,-12.456348689232204,compressed
4.588256379234311,1.1907639200440465,50.0,-14.23650558425624,clean
4.227645226020604,0.7100140023661754,63.69387443497693,-0.2644176666525766,clean
4.0040904980978125,1.33665445601426,50.0,14.192850998086373,clean
4.131613377831198,0.8338513320146451,50.0,13.162483086091164,clean
4.338976474377853,1.2504979174671549,50.0,20.037257459806202,clean
3.7799514014051026,1.1138590671544155,50.0,-7.196370340383697,compressed
3.629668022996543,1.569836939806488,50.0,-20.59372635562652,compressed
4.243382510711539,0.9307255454647259,50.0,17.496170343625746,clean
3.50362515010253,0.8917117932033588,55.338929789126134,-2.7383552755828147,compressed
4.377199236100117,0.9939799221748029,50.0,-17.021854372663658,clean
3.0473723293301607,0.9060142673213746,50.0,8.94076495151258,compressed
4.768368051515155,1.2479819896020354,64.43053946215318,16.718108258624127,clean
4.417736413920217,0.49894371138465776,50.0,5.735314414544673,clean
4.281298732617742,0.6733584500646302,50.0,1.7058193658101297,clean
4.739095319885674,0.6689810943104502,50.0,5.287653214249121,clean
5.0,1.2945953535118084,51.4002286635147,2.753006851190606,clean
4.759053140961422,1.5302901455003968,50.0,-8.976565343282008,clean
2.9602492342610636,0.9676207422533838,50.0,-1.376168123885182,noisy
3.313866510956508,0.9476652658110967,50.0,13.455358860165774,compressed
3.7263642960517225,1.0217161705650861,50.0,11.060142496518,compressed
4.136437361632826,1.360182273808539,50.0,9.216717671601844,clean
4.446125182895548,0.7125205284009221,50.0,-4.741781782240554,clean
3.662781397713317,1.0738943846477833,50.0,5.021962054371994,compressed
4.23766306162056,1.3023112652325533,50.0,-18.924780557314257,clean
3.6441087526174067,1.155339192681352,50.0,9.341719966624677,compressed
3.734743784115073,1.0587703011456104,50.0,24.346292493762807,compressed
3.23380350898562,1.3103242886958137,50.0,-10.489585584505267,compressed
3.53836305495013,0.16199798917023644,57.45981851929625,0.16886792018693608,compressed
3.26843869846171,1.2101413490545814,51.96789372896718,11.149281344521555,compressed
3.5051998506242805,0.7972365382304987,50.0,22.234111613129805,compressed
4.783794331862939,0.43250380197449834,50.0,1.8213046043982066,clean
3.521878700035876,1.158472805852744,50.0,-1.1070039511907561,compressed
5.0,1.4258341490005169,50.0,-16.427077708993,clean
4.43079027755496,0.9573909604654155,50.0,8.441257551697277,clean
4.23644675792777,1.2953911096329112,50.0,31.70491248172493,clean
3.5792345984858356,1.49980625997648,50.0,10.528301543576111,compressed
4.5611952240276645,1.4076234806110546,50.0,6.93265224979544,clean
3.7573481694702027,1.5083890041051318,50.0,11.064987729203825,compressed
4.196866183226578,1.2300595222322865,50.0,7.066895952616775,clean
5.0,1.0233844280594937,50.0,-2.5561724671215584,clean
4.059482263173471,0.5033905983118778,50.0,17.079358988132462,clean
4.844042195559976,0.9237206286797159,50.0,9.909138277341054,clean
3.676998852170691,0.7385935554519806,50.0,7.411359023203888,compressed
4.097957250986914,1.6729922424243222,50.0,-4.504392327338999,clean
5.0,0.9454753981459757,50.0,22.842095183217108,clean
3.7250107535937067,1.0381934901031906,50.0,15.17643294399732,compressed
5.0,1.170960466572545,50.0,0.5649499515923759,clean
4.5658837193369495,1.0135167583754607,50.0,19.221898244183247,clean
3.7656459311866115,1.5254658225335334,50.0,1.229149939377514,compressed
4.518416875604978,0.8069786978623199,50.0,-2.1840419101324438,clean
4.73270930326484,1.0603283111235453,50.0,-1.9164374097634456,clean
4.511740276196834,0.769834118433605,50.0,-14.052822637057094,clean
3.1307584264690127,0.5907930215215812,50.0,12.858508565018468,compressed
3.6619035792303327,0.8103515818193615,50.0,-14.773738540060204,compressed
3.9640632596025522,0.9885185929149922,50.0,-7.541325975189152,compressed
4.073106939666971,0.8669163103996494,50.0,-17.7070561089424,clean
4.511023421456927,0.7853494962391047,50.0,6.167163686509284,clean
4.23195163058795,0.5640415862617315,50.0,5.396154476737536,clean
3.278733054012636,0.9742372724851046,50.0,3.2796454417636314,compressed
4.359524646133757,0.5335366840503892,50.0,-5.310932336046915,clean
4.504669019528809,1.2356173487437767,50.0,-6.86680504123968,clean
4.472667982196556,1.025556323409696,50.0,12.77243836255889,clean
4.800891857099412,0.5481590351658715,50.0,0.5933768194981477,clean
4.6453709573658095,0.9041451861145423,50.0,10.996299858433737,clean
4.409283449913915,0.7668315142669192,50.0,-3.422984233490669,clean
4.075795601781053,1.0989440982299459,50.0,9.372752913252988,clean
3.0735946118849258,1.4155396382671748,50.0,22.839336447792764,compressed
4.3906594780535295,0.41869653440981913,50.0,14.2339896047134,clean
4.25084324291276,1.0356580845356993,50.0,2.251034181402235,clean
4.291094667433085,0.9503588333743415,50.0,10.286387644271128,clean
3.315648397233205,1.2081154236996443,50.0,4.312017905637444,compressed
3.4389343795427947,1.0660909547536837,50.0,7.294562216336738,compressed
4.78348629759973,0.766889507160966,50.0,3.292667374217957,clean
4.095080253070307,0.9010932799433484,50.0,5.2279775293753055,clean
4.549345439344753,0.7532319843909184,50.0,9.745120236890102,clean
4.137840576962191,1.3335622129655655,50.0,-4.720304394983407,clean
4.1387463678823195,1.006606611088302,50.0,-4.990545923879739,clean
4.711118797764879,1.5893691125834324,50.0,-9.462510645974533,clean
3.7948918212230547,0.9811951477174675,85.68031328581296,-12.00325325404452,compressed
4.1805560894728195,0.7803939022577565,50.0,-7.407392306645753,clean
3.828766568115823,0.5307485382900237,50.0,9.11355008164955,compressed
3.846267376717641,0.44102670036065705,50.0,-3.5134501859026086,compressed
3.9252215622147575,0.5089178576682982,50.0,13.363373570773156,compressed
4.259944276129239,1.0828092618135599,50.0,7.616564985030743,clean
3.8183883683520095,1.1577047572012795,50.0,-16.422050561256643,compressed
4.911126359111318,0.5098308823700386,50.0,15.059707010660278,clean
3.5563973996017126,1.2774618773635957,50.0,16.92958374710052,compressed
4.002270864178344,0.8502510739781337,50.0,-4.72635209801824,clean
3.84296943328727,1.0455058337155203,50.0,12.2422985147399,compressed
5.0,1.4997883947591815,56.959425690785274,-3.0779788489103863,clean
4.243829509202292,1.2780201879183148,50.0,8.372044520980024,clean
4.77006205986524,0.916755499149192,59.77996700872397,-7.973980883459588,clean
3.1840969649867077,0.7237304101212609,50.0,-14.317277430414922,compressed
4.288241667497633,0.3329372255879155,50.0,2.606193724644376,clean
4.680467401242765,0.7770624710348497,50.0,5.715252644701966,clean
4.171838913243517,0.9345496259634147,50.0,2.427843676624752,clean
4.791252636291171,0.693974346583133,50.0,-7.008366698670712,clean
3.7941082764367655,0.9593103402013855,50.0,2.4012112544263555,compressed
5.0,1.0238240837172181,50.0,10.431537030968808,clean
5.0,0.9302946456394956,50.0,6.661283638529556,clean
3.891411706923015,0.7984991999447275,50.0,9.390012367190561,compressed
3.8393334115175137,1.0522829483096856,50.0,-0.841382405450795,compressed
5.0,1.1370016013665167,55.913576039290284,21.260614976593914,clean
5.0,0.6619762859927177,50.0,-6.914080038657366,clean
3.790598182893441,1.4373890377213439,50.0,13.050723565040624,compressed
3.85528230522961,0.9694376789918788,50.0,21.382693115519537,compressed
3.9424756964178806,1.0058433831129028,50.0,12.970897112986744,compressed
3.2729961780484054,1.2195464712095327,50.0,4.76970927522204,compressed
3.5412492737149552,1.0722970006916854,50.0,0.8604354400442498,compressed
3.4873913169461974,1.2954723565131059,51.66295193209675,19.63305181255507,compressed
3.636287533984399,1.0890084912125655,50.0,-9.875699103140075,compressed
4.098148520946328,0.8101444138614642,50.0,-4.441491124555724,clean
4.267555281498008,1.1120660928138915,50.0,2.429306814099344,clean
5.0,0.6454448757305948,61.93451134614751,22.051845090143978,clean
3.491036954334562,1.0336535087907222,53.561363352398104,11.757211632490751,compressed
4.740123111040248,0.9896987029002171,71.40528502678883,-4.416549102122944,clean
3.9851870281379296,0.9354837742455127,50.0,3.4763075353811566,compressed
4.088837862918967,0.9601533714539314,50.0,-0.17187772915553268,clean
4.545136280064961,0.4166267958957319,50.0,-1.3174679068024213,clean
3.412685126415752,0.829895278600302,50.0,18.94667470268135,compressed
4.360918140095952,1.0287819193537455,50.0,-9.26091755116207,clean
4.224864891174225,1.049555481519194,50.0,26.50537026881248,clean
4.430244296325134,0.6814207063129529,50.0,17.138756282215475,clean
4.302176245661926,1.3923694306680572,50.0,20.290340047244374,clean
5.0,0.7314857970535047,50.0,1.6447258556969002,clean
3.718223809921671,1.3005317321632883,50.0,5.400711371050688,compressed
3.785471918348855,1.1324302521802223,50.0,-9.997821774296543,compressed
3.7274214683523987,0.799669533948421,50.0,0.9040511151983646,compressed
3.7700494149290398,1.5503463767089487,50.0,13.12385817171781,compressed
3.718446109796894,0.6299725821554911,50.0,22.752756741376754,compressed
4.869080414597757,1.2849377938191004,50.0,-6.08588180162942,clean
5.0,1.3101805185933233,50.0,2.81392875617681,clean
3.7604298349378302,0.7921077351862401,50.0,5.384409357209732,compressed
3.5956159889443358,1.431664243019942,50.0,-9.54947042630982,compressed
4.4169918005234345,0.9224855804743246,50.0,14.296190901100804,clean
3.772099482102988,1.0894950250767557,50.0,-1.4878839809113087,compressed
4.518747045185972,1.0806997700190784,50.0,4.855315785875712,clean
4.247841503136319,0.9583642901441302,50.0,1.776607537057468,clean
3.165081207551744,1.2513505646795324,50.0,-2.2720620686360915,compressed
5.0,1.245981503371186,50.0,7.115460174233344,clean
5.0,0.45795508829616394,50.0,4.6126850571837315,clean
3.7339431249948367,1.4043454752922273,50.0,2.7377054126560134,compressed
3.8757480172403302,0.48462748370894093,50.0,-1.5415394601641124,compressed
4.30009519615669,1.320089323345914,50.0,11.034296049395465,clean
4.330707777691826,1.349278592416551,50.0,27.04340722190742,clean
4.534882891783884,0.6618004066332885,50.0,8.878646794069528,clean
5.0,0.8726475707340787,50.0,19.153418578933547,clean
4.008523246678749,0.65723155276936,50.0,-9.482663101841553,clean
3.6170727359407744,0.933374480610492,50.0,9.093137271525233,compressed
3.251028886350848,0.9045093719024202,50.0,-5.968419827652798,compressed
3.659514074836591,1.2416947650034953,50.0,-10.523099130382818,compressed
4.099130007089508,1.4061957112970787,50.0,-1.6724568895084344,clean
5.0,1.4326619813448864,50.0,21.502792012962875,clean
3.793904881607212,0.8257279117607264,50.0,18.600189944035748,compressed
4.2609864095325065,0.9351412191391963,50.0,10.116056664652795,clean
4.109653575474166,0.47813416041150547,50.0,-11.19240671867917,clean
4.868687762272293,0.7501802793861815,50.0,4.844632183344759,clean
5.0,1.2991040062602117,50.0,10.820400106820827,clean
3.7855526730601983,1.5008306752999518,50.0,9.306434754943176,compressed
3.81165315121352,0.6173518497172241,50.0,-14.925523001768948,compressed
4.777821352553516,0.8163360796626028,50.0,-3.483814176238462,clean
4.549591638464577,0.9918142153427326,50.0,6.431066830215401,clean
5.0,1.0868499592340781,50.0,13.63549091420628,clean
4.487874756755358,0.7490229088242897,50.0,-19.15353385319936,clean
3.8936459828041525,1.131458923783868,50.0,5.2545122942416995,compressed
4.492112543336155,0.853109802408016,50.0,8.916585238547428,clean
4.818483255767232,0.9955197960277334,50.0,17.395343862194558,clean
4.636903774154339,1.1693481168811468,50.0,15.514291010849242,clean
4.439582639597598,1.0019909036413908,50.0,14.190855825705661,clean
4.792005054441167,0.8647203739367637,50.0,-2.3992860804232103,clean
4.856656221980774,0.9660209607829925,50.0,-15.69602564547969,clean
4.990760164353643,0.972607482646346,50.0,2.483366915263189,clean
4.528687229181475,0.8852965807365404,122.79975496373345,19.21958190250272,clean
4.0147156094003815,0.9197732205731983,50.0,23.921454330293177,clean
4.212429622452993,1.4955806228564623,56.53336915780937,15.726589227573424,clean
4.880100648900265,1.173885028861784,50.0,12.352089873620812,clean
3.605330527278041,0.9084011014109603,50.0,11.755675780631586,compressed
4.352264184589928,1.216055865398328,50.0,0.5265750388706332,clean
3.872196548233763,0.8965159581756369,50.0,5.63927647735656,compressed
4.138109238448935,1.3636686376518588,50.0,27.22883430991597,clean
4.925424673442598,1.114589079581409,50.0,-4.110696069502516,clean
4.24039241285254,0.9667363353586891,50.0,26.577345488518215,clean
4.149255025338374,1.138792247001186,50.0,3.3356621460952995,clean
3.263290631182651,0.5130283928587652,50.0,23.105185309140943,compressed
4.590139746597149,0.6507020846379603,50.0,-9.681780113970458,clean
4.526655034118877,0.6298832480162928,50.0,14.23085041397579,clean
5.0,1.0443123593767492,50.0,-1.6412416313714635,clean
3.9260997119796097,1.5370796498403785,50.0,-9.78320630309025,compressed
4.258064706428281,1.691703045319716,50.0,9.822408508931348,clean
4.277111720737776,1.1977958414466348,50.0,19.313661463151625,clean
5.0,1.1552617872327817,50.0,-2.939297263121957,clean
4.0599638145962205,0.441672102412651,50.0,-10.788191525500817,clean
4.2957835612353135,0.8317711220824533,60.263125882221985,6.0978628279805385,clean
4.50297480112142,0.755787036908446,50.0,6.150776054673827,clean
4.2375637475885055,0.807537244542154,50.0,13.779835530653983,clean
3.8387468228331674,0.9478754162387152,50.0,18.595134856373857,compressed
4.242276695525934,0.8536519209138905,50.0,6.487017824730071,clean
4.796388002411657,0.38641705878350585,50.0,29.466039777531154,clean
3.473295361371032,1.2318521793964354,50.0,9.890816934423501,compressed
4.203770894712532,0.66744966202066,50.0,3.042881927917205,clean
3.678923886588321,1.0741665278744563,50.0,-12.138808309233934,compressed
4.8728793762226505,1.6429656276224918,50.0,4.048085756205987,clean
3.160392249986222,0.7149907766082088,50.0,3.163356655066365,compressed
3.7678792362188993,0.21561086794863782,50.0,18.723657555377645,compressed
4.357643481290649,0.9113386912171657,50.0,12.74980348880225,clean
5.0,1.341297486849557,52.121353532621754,-6.952429459591406,clean
4.078577335524018,1.607087710808384,50.0,9.26705263693245,clean
3.770224298183285,0.6188396257197508,50.0,15.25837406074864,compressed
5.0,1.1539767592033217,50.0,25.536376312653992,clean
3.2077512427377664,0.8557537583981835,50.0,17.850047608968712,compressed
2.7347522473293484,0.967156010165718,50.0,16.330159851737733,noisy
4.3972091035336,1.8197464375752808,50.0,7.921031935381963,clean
3.803705838657855,0.5340791981975025,50.0,11.859744065081395,compressed
3.4766233252076506,1.0786592950633178,50.0,22.194058808473905,compressed
4.566264561798593,1.1449848832472842,50.0,-8.793328769755796,clean
4.273594449675856,1.3365937607311977,50.0,3.0067280733965296,clean
3.764630462635861,1.0303747775759775,50.0,-2.0708249850748883,compressed
3.3134082288373365,1.0954956672462717,50.0,11.74983742471349,compressed
4.669648116816491,0.8785889440992447,50.0,21.96266610780945,clean
4.529626742113956,1.0834293517859832,50.0,0.03630855934711352,clean
4.057519205818989,0.8936103945958027,50.0,-21.483652409633255,clean
5.0,1.1926872858553756,50.0,2.2533510597063584,clean
3.445846597214524,0.8854207958264735,50.0,18.16168478420888,compressed
3.1589191423174148,1.1169011221096778,50.0,13.651558835398557,compressed
3.684097915974816,0.9909285277576567,50.0,12.338234973726912,compressed
4.091280809696037,1.3490755777393721,50.0,3.8400803775062435,clean
4.273303853073296,0.9840679456875693,50.0,-8.148368834637438,clean
3.968021283550512,0.4503599348558668,50.0,13.383531859493608,compressed
4.3417948998040075,1.3911956652213373,50.0,-2.811381720415496,clean
3.3315301627600205,0.7192229867325881,50.0,33.40916080056547,compressed
5.0,0.7973324350188659,50.40228743749734,14.04608650025419,clean
4.068244757612682,0.8153449988465175,50.0,0.2322203693525875,clean
4.823896373900521,1.4260758088829535,57.2156322572583,-0.13662296866353874,clean
4.335916968217954,0.33794099366660435,50.0,6.0846695206369406,clean
4.407754528066884,1.972702045434598,50.0,4.325976935739003,clean
4.478953386546289,1.327377610810476,50.0,20.60200530635945,clean
4.402056392810908,1.0692040633800395,50.0,9.436994036928557,clean
4.524915338716553,0.9829828598089512,50.0,-1.5795808669023357,clean
4.957366093983432,1.0885217632058737,50.0,29.88528822186939,clean
4.243808336911926,1.161547952797595,50.0,7.791699978242672,clean
4.566672367280763,1.2000168316445177,50.0,16.426076111626763,clean
4.063466512599048,1.172237384461069,50.0,-0.0987180893371109,clean
5.0,1.027770011189127,50.0,11.557387532934282,clean
3.69387284970266,0.9388250897047289,50.0,10.933319893718343,compressed
5.0,0.9531052820674114,50.0,-15.475791505153836,clean
4.094700491094064,0.9395784330906689,50.0,31.38330132552768,clean
3.2186116856656297,1.35146873002879,50.0,22.687733531070567,compressed
4.200705781393797,1.1840025839070671,50.0,2.4336562062481484,clean
3.690937455790825,0.08847952325407316,50.0,-6.027236885470265,compressed
4.649605435862896,1.203329240724226,50.0,11.370739365642624,clean
3.7088468930394938,1.0603682203628202,64.43700757684732,8.240372392972759,compressed
3.8389044370746888,0.9942002855017718,50.0,11.468027382758752,compressed
2.9295893395043153,0.8795592795424454,50.0,9.498928754329075,noisy
3.8350470188730816,1.3484749431956642,50.0,13.274891871671112,compressed
2.5929560242237573,1.293733203258086,50.0,24.567668392701677,noisy
3.1221412212039943,0.7604079229746812,50.0,14.017238461543753,compressed
4.599061233370907,1.1261862090086059,50.0,-5.395865986919293,clean
4.615054099950024,0.6987864122922014,50.0,23.550754232549423,clean
4.388038263924528,0.5723183689154315,50.0,26.887374761859448,clean
3.510805029828596,0.8057176603771108,50.0,45.02468081414502,compressed
4.089941845630553,1.2673419764386553,50.0,-6.281928398875176,clean
4.117730400372942,1.295468764066587,50.0,10.1145841578033,clean
3.390230245808698,1.1590564802301608,50.0,-17.785184438267848,compressed
5.0,1.224779693922879,50.0,13.83778987655051,clean
4.672738243062673,1.1600152690056371,50.0,0.6215964219987287,clean
3.9807925704873117,0.8011407054808848,50.0,30.281349537899438,compressed
4.136938078566555,1.1338959888489215,77.21146793491049,-2.0953796402229825,clean
4.251281169006958,1.2481269528205816,50.263461063132546,-13.070196455607142,clean
2.833707032892697,1.233830312242208,50.0,1.544835111569765,noisy
3.964278249012024,1.3685631451571392,50.0,-16.50585325460565,compressed
3.690349923761387,1.2195741926323298,50.0,16.213193454087723,compressed
3.4889793937662033,1.1089489443378906,50.0,-17.580996555075846,compressed
3.9429068154818485,1.3317465738780925,50.0,7.541490974197907,compressed
5.0,0.9917784096327914,50.0,-17.733741838274362,clean
4.5237310025982165,0.7266188581194075,50.0,3.356426345560297,clean
3.760157236436838,0.9494492411774332,50.0,26.920537869654407,compressed
4.48072715225438,0.7690801801100008,50.0,11.527774697229539,clean
